City_ID,City,Lat,Lng,Max Temp,Humidity,Cloudiness,Wind Speed,Country,Date
0,adamstown,-25.066,-130.1015,22.82,81,100,6.68,PN,1702960281
1,puerto natales,-51.7236,-72.4875,8.45,83,97,1.83,CL,1702960552
2,la mira,18.035,-102.3266,23.73,89,7,1.69,MX,1702960553
3,bethel,41.3712,-73.414,6.4,77,0,4.12,US,1702960417
4,port-aux-francais,-49.35,70.2167,6.1,74,56,12.09,TF,1702960523
5,bredasdorp,-34.5322,20.0403,17.1,62,0,2.4,ZA,1702960553
6,stanley,54.868,-1.6985,8.49,91,75,3.6,GB,1702960553
7,isafjordur,66.0755,-23.124,-2.78,84,99,2.72,IS,1702960553
8,hawaiian paradise park,19.5933,-154.9731,21.73,92,40,2.57,US,1702960553
9,wonsan,39.1528,127.4436,-2.36,66,70,0.59,KP,1702960553
10,cromer,52.9312,1.2989,12.26,99,100,2.9,GB,1702960553
11,anadyr,64.75,177.4833,-19.72,83,40,3.0,RU,1702960553
12,puerto ayora,-0.7393,-90.3518,24.75,95,47,0.89,EC,1702960286
13,chinde,26.8418,88.0763,15.93,49,12,2.51,NP,1702960553
14,klyuchi,52.2667,79.1667,-10.55,54,100,8.91,RU,1702960553
15,afaahiti,-17.75,-149.2833,25.93,81,100,3.71,PF,1702960554
16,tiksi,71.6872,128.8694,-17.62,89,100,6.04,RU,1702960554
17,ushuaia,-54.8,-68.3,11.81,71,0,7.2,AR,1702960554
18,hadibu,12.65,54.0333,25.04,78,90,6.47,YE,1702960554
19,quinhamel,11.8833,-15.85,23.73,25,100,5.06,GW,1702960554
20,waitangi,-43.9535,-176.5597,16.57,70,38,2.98,NZ,1702960554
21,luderitz,-26.6481,15.1594,17.42,66,49,7.23,NA,1702960554
22,corowa,-36.0333,146.3833,28.65,44,84,7.44,AU,1702960554
23,geraldton,-28.7667,114.6,39.23,15,6,3.6,AU,1702960554
24,port mathurin,-19.6833,63.4167,26.88,81,28,7.93,MU,1702960554
25,edinburgh of the seven seas,-37.0676,-12.3116,15.1,82,57,8.96,SH,1702960554
26,las toscas,-28.3529,-59.258,22.52,96,98,2.8,AR,1702960555
27,trelissac,45.1977,0.7862,1.71,92,4,0.63,FR,1702960555
28,grytviken,-54.2811,-36.5092,2.36,66,17,3.1,GS,1702960555
29,kailua-kona,19.6406,-155.9956,22.98,88,0,3.6,US,1702960555
30,punta arenas,-53.15,-70.9167,10.06,81,0,6.69,CL,1702960555
31,novodvinsk,64.4165,40.8122,-3.14,97,98,1.91,RU,1702960555
32,saint-philippe,-21.3585,55.7679,29.77,76,0,1.81,RE,1702960555
33,yeppoon,-23.1333,150.7333,30.88,63,7,5.47,AU,1702960555
34,happy valley-goose bay,53.3168,-60.3315,9.17,76,100,10.29,CA,1702960555
35,santana,-0.0583,-51.1817,27.1,83,0,1.54,BR,1702960555
36,broken hill,-31.95,141.4333,29.26,28,49,10.16,AU,1702960555
37,qaqortoq,60.7167,-46.0333,-4.31,76,100,4.62,GL,1702960556
38,jamaame,0.0697,42.745,28.59,69,96,5.82,SO,1702960556
39,coquimbo,-29.9533,-71.3436,15.85,82,75,1.03,CL,1702960306
40,lata,40.1629,-8.3327,3.66,73,0,1.34,PT,1702960556
41,kavieng,-2.5744,150.7967,28.72,72,100,2.74,PG,1702960556
42,oamaru,-45.0784,170.9801,19.1,72,83,5.52,NZ,1702960380
43,saldanha,-33.0117,17.9442,12.03,74,1,6.1,ZA,1702960556
44,new norfolk,-42.7826,147.0587,16.72,52,68,2.09,AU,1702960556
45,invercargill,-46.4,168.35,19.06,47,93,3.05,NZ,1702960505
46,bonthe,7.5264,-12.505,22.78,70,79,2.28,SL,1702960556
47,bilibino,68.0546,166.4372,-32.23,98,100,0.59,RU,1702960556
48,port lincoln,-34.7333,135.8667,17.27,56,1,8.69,AU,1702960556
49,ancud,-41.8697,-73.8203,10.28,66,0,2.71,CL,1702960556
50,petropavlovsk-kamchatsky,53.0452,158.6483,-4.67,83,20,4.02,RU,1702960557
51,albany,42.6001,-73.9662,4.94,80,60,0.89,US,1702960557
52,ust'-kulom,61.6864,53.6902,-5.02,94,98,2.98,RU,1702960557
53,tamanrasset,22.785,5.5228,-1.05,31,0,1.03,DZ,1702960557
54,blackmans bay,-43.0167,147.3167,16.07,63,84,5.22,AU,1702960557
55,reggane,26.7158,0.1714,8.14,52,0,3.72,DZ,1702960557
56,tura,25.5198,90.2201,23.18,50,18,0.18,IN,1702960557
57,iqaluit,63.7506,-68.5145,-29.42,85,7,2.93,CA,1702960557
58,sur,22.5667,59.5289,23.23,56,15,2.56,OM,1702960557
59,mammoth lakes,37.6485,-118.9721,4.63,66,40,4.12,US,1702960557
60,jamestown,42.097,-79.2353,1.77,95,100,8.75,US,1702960557
61,whitehorse,60.7161,-135.0538,-12.88,82,75,1.03,CA,1702960557
62,tual,-5.6667,132.75,28.45,80,58,7.71,ID,1702960558
63,haiku-pauwela,20.9219,-156.3051,22.8,77,40,7.72,US,1702960558
64,minas de marcona,-15.2119,-75.1103,15.52,91,70,4.88,PE,1702960558
65,uturoa,-16.7333,-151.4333,26.54,80,99,3.6,PF,1702960558
66,isangel,-19.55,169.2667,27.06,94,75,2.06,VU,1702960558
67,samitah,16.596,42.9444,24.39,56,0,0.93,SA,1702960558
68,anzio,41.4853,12.6179,9.52,52,3,3.0,IT,1702960558
69,weno,7.4515,151.8468,30.97,70,40,5.66,FM,1702960558
70,quellon,-43.1167,-73.6167,9.66,85,0,4.98,CL,1702960558
71,alibag,18.6411,72.8792,27.04,43,100,3.57,IN,1702960558
72,tulun,54.5611,100.5792,-25.27,94,67,0.94,RU,1702960558
73,santa marta de ortigueira,43.6833,-7.85,8.01,78,11,3.35,ES,1702960558
74,badiyah,22.45,58.8,20.33,46,0,0.61,OM,1702960558
75,batman,37.8874,41.1322,-1.11,93,0,0.51,TR,1702960559
76,margaret river,-33.95,115.0667,26.03,38,4,3.7,AU,1702960559
77,port elizabeth,-33.918,25.5701,19.62,83,20,1.54,ZA,1702960559
78,inhambane,-23.865,35.3833,26.99,89,40,2.06,MZ,1702960559
79,ishikawa,26.4233,127.8214,25.18,61,75,5.14,JP,1702960559
80,collie,-33.3667,116.15,30.11,21,3,3.92,AU,1702960559
81,hasaki,35.7333,140.8333,8.22,83,100,5.64,JP,1702960559
82,gejiu,23.306,103.1635,12.66,68,82,2.76,CN,1702960559
83,san antonio de pale,-1.4014,5.6325,27.33,78,98,3.08,GQ,1702960559
84,sesheke,-17.4759,24.2968,21.37,86,100,0.65,ZM,1702960559
85,le trait,49.4689,0.8163,7.75,94,99,4.73,FR,1702960559
86,sisak,45.4661,16.3783,-4.01,82,0,0.49,HR,1702960559
87,qamdo,31.1667,97.2333,-2.35,24,3,3.07,CN,1702960559
88,hithadhoo,-0.6,73.0833,27.66,77,42,2.81,MV,1702960560
89,ngaoundere,7.3167,13.5833,18.5,29,99,1.75,CM,1702960560
90,kerikeri,-35.2268,173.9474,21.04,71,44,2.5,NZ,1702960560
91,nova mayachka,46.6,33.2271,5.92,88,100,1.59,UA,1702960560
92,bubaque,11.2833,-15.8333,26.56,42,94,8.97,GW,1702960560
93,hermanus,-34.4187,19.2345,15.45,72,0,4.14,ZA,1702960560
94,avarua,-21.2078,-159.775,26.03,78,75,6.69,CK,1702960533
95,st. john's,47.5649,-52.7093,9.32,92,75,9.77,CA,1702960387
96,jackson,42.4165,-122.8345,10.21,81,84,1.97,US,1702960399
97,kununurra,-15.7667,128.7333,40.99,37,52,3.6,AU,1702960286
98,ojinaga,29.5667,-104.4167,15.53,38,0,3.6,MX,1702960560
99,opuwo,-18.0607,13.84,24.07,56,100,3.09,NA,1702960560
100,ilulissat,69.2167,-51.1,-9.99,79,100,6.69,GL,1702960560
101,necochea,-38.5473,-58.7368,11.27,64,2,5.1,AR,1702960560
102,mariakani,-3.8633,39.4736,24.05,79,39,1.51,KE,1702960561
103,nova sintra,14.8667,-24.7167,21.14,69,13,5.41,CV,1702960561
104,kzyltu,53.6364,72.3414,-4.03,96,100,4.88,KZ,1702960561
105,ribeira grande,38.5167,-28.7,13.76,92,100,12.07,PT,1702960561
106,shanhecun,44.7,127.2,-17.36,76,100,2.86,CN,1702960374
107,senillosa,-39.0,-68.4167,16.88,31,33,9.33,AR,1702960561
108,whakatane,-37.9585,176.9854,24.38,75,51,2.78,NZ,1702960561
109,sault ste. marie,46.5168,-84.3333,-6.69,67,20,6.17,CA,1702960292
110,mount isa,-20.7333,139.5,37.87,30,75,3.09,AU,1702960561
111,sitka,57.0531,-135.33,1.94,69,0,2.06,US,1702960561
112,port alberni,49.2413,-124.8028,7.91,95,100,0.45,CA,1702960562
113,west island,-12.1568,96.8225,29.99,62,15,4.12,CC,1702960562
114,byford,-32.2167,116.0,31.49,33,100,9.77,AU,1702960562
115,chonchi,-42.6128,-73.8092,10.56,83,0,1.51,CL,1702960562
116,port blair,11.6667,92.75,31.02,70,40,4.12,IN,1702960562
117,yelizovo,53.1873,158.3805,-3.92,46,20,3.0,RU,1702960562
118,yellowknife,62.456,-114.3525,-26.36,76,0,4.12,CA,1702960563
119,ikedacho,34.0167,133.8,3.24,88,99,1.73,JP,1702960563
120,aasiaat,68.7098,-52.8699,-11.9,91,100,8.36,GL,1702960563
121,prado,-17.3411,-39.2208,23.81,92,69,3.16,BR,1702960563
122,maamba,-17.3667,27.15,22.74,89,100,1.09,ZM,1702960563
123,pamandzi,-12.7967,45.2794,27.88,83,0,2.06,YT,1702960563
124,mar del plata,-38.0023,-57.5575,13.38,66,75,7.15,AR,1702960384
125,kasese,0.1833,30.0833,22.22,76,46,0.73,UG,1702960563
126,cill airne,52.05,-9.5167,8.83,91,100,2.77,IE,1702960564
127,lompoc,34.6391,-120.4579,17.1,78,75,5.66,US,1702960285
128,constantia,44.1833,28.65,2.61,71,8,3.03,RO,1702960564
129,mount pearl,47.5166,-52.7813,8.86,92,75,9.77,CA,1702960564
130,wanzleben,52.05,11.45,10.32,87,100,3.18,DE,1702960564
131,lebu,-37.6167,-73.65,11.26,90,6,6.08,CL,1702960564
132,susuman,62.7833,148.1667,-36.4,100,97,0.42,RU,1702960564
133,christchurch,-43.5333,172.6333,19.67,74,100,9.26,NZ,1702960507
134,anloga,5.7947,0.8973,27.09,82,89,3.76,GH,1702960564
135,ola,59.5833,151.2833,-23.66,84,41,5.27,RU,1702960564
136,kodiak,57.79,-152.4072,-4.27,86,100,2.06,US,1702960564
137,ilanskiy,56.2358,96.065,-25.87,94,10,2.07,RU,1702960564
138,olonkinbyen,70.9221,-8.7187,-3.61,69,100,3.44,SJ,1702960564
139,mount gambier,-37.8333,140.7667,17.27,45,4,5.69,AU,1702960565
140,muisne,0.6,-80.0333,24.99,88,100,2.93,EC,1702960565
141,fort st. john,56.2499,-120.8529,-6.06,79,75,4.12,CA,1702960521
142,codrington,-38.2667,141.9667,16.58,49,10,7.45,AU,1702960565
143,popondetta,-8.7537,148.2534,28.15,80,93,1.74,PG,1702960565
144,hamilton,39.1834,-84.5333,-1.57,72,40,5.81,US,1702960565
145,palu,-0.8917,119.8707,31.51,67,100,1.88,ID,1702960565
146,wenchang,30.904,118.4887,1.08,96,98,1.87,CN,1702960565
147,lugazi,0.3772,32.9197,19.7,90,91,0.6,UG,1702960565
148,jalai nur,49.45,117.7,-26.84,83,77,1.0,CN,1702960565
149,buka,40.8108,69.1986,3.72,82,100,2.93,UZ,1702960566
150,yallahs,17.8748,-76.5624,26.85,85,89,2.2,JM,1702960566
151,macia,-25.0269,33.0989,25.33,87,53,2.87,MZ,1702960566
152,egilsstadir,65.2653,-14.3948,-7.05,93,75,1.54,IS,1702960566
153,manokwari,-0.8667,134.0833,27.78,78,100,5.41,ID,1702960566
154,talnakh,69.4865,88.3972,-13.77,75,100,8.14,RU,1702960566
155,ghadamis,30.1337,9.5007,9.81,88,100,0.81,LY,1702960566
156,laguna,38.421,-121.4238,14.49,89,100,5.14,US,1702960566
157,college,64.8569,-147.8028,-11.97,84,100,1.54,US,1702960566
158,longyearbyen,78.2186,15.6401,-5.09,68,20,7.72,SJ,1702960513
159,gadzhiyevo,69.2551,33.3362,-11.64,90,11,4.94,RU,1702960396
160,yeed,4.55,43.0333,25.68,62,90,8.37,SO,1702960567
161,melchor de mencos,17.0686,-89.1522,16.0,100,0,0.0,GT,1702960567
162,fort stockton,30.894,-102.8793,12.64,61,0,3.6,US,1702960567
163,calvinia,-31.4707,19.776,16.9,51,0,5.66,ZA,1702960567
164,rabaul,-4.1967,152.1721,26.26,86,100,3.39,PG,1702960567
165,dwarka,22.2394,68.9678,23.93,46,73,9.93,IN,1702960567
166,chilecito,-29.1619,-67.4974,16.66,62,23,5.48,AR,1702960567
167,guerrero negro,27.9769,-114.0611,18.97,70,76,3.94,MX,1702960506
168,gura vitioarei,45.15,26.0333,1.93,86,6,1.91,RO,1702960567
169,enewetak,11.3474,162.3373,27.41,77,19,9.06,MH,1702960567
170,thompson,55.7435,-97.8558,-9.91,85,75,3.09,CA,1702960568
171,nabire,-3.3667,135.4833,27.33,88,88,2.07,ID,1702960568
172,alaghsas,17.0187,8.0168,16.59,26,62,2.7,NE,1702960568
173,badger,64.8,-147.5333,-12.02,86,100,1.54,US,1702960568
174,kota bharu,6.1333,102.2386,32.84,74,20,4.63,MY,1702960568
175,ust'-uda,54.1742,103.0304,-26.48,89,15,0.83,RU,1702960568
176,filadelfia,39.9523,-75.1638,5.94,66,75,6.17,US,1702960301
177,novoishimskiy,53.1981,66.7694,-12.49,94,94,3.81,KZ,1702960568
178,nar'yan-mar,67.6713,53.087,-11.61,93,97,6.71,RU,1702960568
179,port alfred,-33.5906,26.891,18.43,99,99,3.52,ZA,1702960568
180,bardai,11.65,7.2333,17.94,28,91,4.24,NG,1702960569
181,inari,68.906,27.0288,-11.89,100,67,1.56,FI,1702960569
182,hammerfest,70.6634,23.6821,-1.75,86,20,1.03,NO,1702960506
183,posto fiscal rolim de moura,-13.0833,-62.2667,26.69,65,100,1.36,BR,1702960569
184,nsanje,-16.92,35.262,29.06,66,96,2.38,MW,1702960569
185,santa cruz,-17.8,-63.1667,26.7,83,75,3.09,BO,1702960546
186,alta,69.9689,23.2717,-6.41,80,90,12.96,NO,1702960569
187,puerto colombia,10.9878,-74.9547,27.05,90,13,2.97,CO,1702960569
188,wailua homesteads,22.0669,-159.378,23.24,80,40,9.26,US,1702960569
189,bamboo flat,11.7,92.7167,31.05,70,40,4.12,IN,1702960569
190,ust-nera,64.5667,143.2,-35.45,98,99,1.6,RU,1702960569
191,brokopondo,4.75,-55.1667,25.42,86,87,3.77,SR,1702960570
192,chamrajnagar,11.9167,76.95,23.57,65,31,2.35,IN,1702960570
193,paita,-5.0892,-81.1144,21.54,85,85,4.33,PE,1702960570
194,iskateley,67.6803,53.1512,-11.66,93,97,6.71,RU,1702960570
195,mugia,43.1041,-9.2179,6.62,75,82,1.44,ES,1702960570
196,aliveri,38.4167,24.0333,11.75,77,0,3.55,GR,1702960570
197,marsabit,2.3284,37.9899,21.13,55,22,4.42,KE,1702960570
198,colonia,50.9333,6.95,6.7,83,100,5.66,DE,1702960570
199,hami,42.8,93.45,-9.41,39,0,2.03,CN,1702960570
200,newman,37.3138,-121.0208,14.6,90,100,1.34,US,1702960571
201,vilyuchinsk,52.9306,158.4028,-3.85,79,77,2.63,RU,1702960571
202,quelimane,-17.8786,36.8883,26.97,94,40,0.0,MZ,1702960571
203,prachuap khiri khan,12.2167,99.75,29.65,53,39,3.68,TH,1702960571
204,kruisfontein,-34.0033,24.7314,16.6,79,16,1.75,ZA,1702960571
205,tolanaro,-25.0319,46.9987,26.04,78,40,2.06,MG,1702960571
206,tazacorte,28.629,-17.9293,17.86,67,75,3.6,ES,1702960571
207,mana,5.6592,-53.7767,24.9,92,43,3.35,GF,1702960571
208,ghanzi,-21.5667,21.7833,23.35,69,100,5.26,BW,1702960571
209,dryden,49.7833,-92.7503,-12.84,72,75,6.69,CA,1702960571
210,papatowai,-46.5619,169.4708,18.36,59,87,3.22,NZ,1702960572
211,itoman,26.1247,127.6694,25.21,69,75,6.69,JP,1702960572
212,todos santos,23.45,-110.2167,22.47,69,81,2.67,MX,1702960572
213,nogliki,51.8333,143.1667,-18.41,78,100,5.16,RU,1702960572
214,arkhangel'sk,64.5401,40.5433,-2.94,100,100,3.0,RU,1702960572
215,trapani,37.8333,12.6667,10.15,93,0,1.54,IT,1702960572
216,borkum,53.5809,6.6915,8.86,98,100,9.7,DE,1702960572
217,galesong,-5.3166,119.3661,29.01,63,98,4.15,ID,1702960572
218,mbuji-mayi,-6.15,23.6,21.42,96,100,0.82,CD,1702960572
219,celestun,20.8667,-90.4,21.21,61,2,3.58,MX,1702960573
220,port said,31.2565,32.2841,18.99,68,40,4.63,EG,1702960573
221,sao joao da barra,-21.6403,-41.0511,23.24,90,0,0.99,BR,1702960361
222,saint-pierre,-21.3393,55.4781,29.82,66,5,2.06,RE,1702960373
223,mananara,-16.1667,49.7667,29.32,62,48,1.27,MG,1702960573
224,pyt-yakh,60.7499,72.8582,-12.97,93,100,5.42,RU,1702960573
225,anna regina,7.2644,-58.5077,25.51,88,40,2.33,GY,1702960573
226,talodi,10.6325,30.3797,23.96,30,38,2.23,SD,1702960573
227,havre,49.5833,0.3333,7.87,87,100,7.2,FR,1702960573
228,tsiombe,-25.3,45.4833,27.41,59,46,5.05,MG,1702960573
229,bayganin,48.6947,55.8742,-1.51,99,100,3.5,KZ,1702960574
230,remire-montjoly,4.9167,-52.2667,25.02,94,20,0.0,GF,1702960574
231,nuuk,64.1835,-51.7216,-7.66,93,100,6.69,GL,1702960380
232,polyarnyy,69.1989,33.4478,-10.99,89,12,4.93,RU,1702960574
233,pekan,3.4836,103.3996,27.06,90,100,1.65,MY,1702960574
234,la passe,45.5549,-0.8967,3.13,86,19,0.9,FR,1702960574
235,fallon,39.4735,-118.7774,1.93,60,100,2.57,US,1702960534
236,karratha,-20.7377,116.8463,30.81,47,0,8.04,AU,1702960574
237,kirakira,-10.4544,161.9205,27.66,72,68,0.49,SB,1702960574
238,coquimatlan,19.2,-103.8,21.23,85,4,1.28,MX,1702960574
239,melfi,40.9965,15.6514,5.55,50,2,1.34,IT,1702960574
240,abilene,32.4487,-99.7331,8.3,70,0,3.6,US,1702960499
241,linevo,54.4589,83.3764,-15.89,74,100,5.26,RU,1702960575
242,gargalianoi,37.0667,21.6333,1.34,53,0,0.62,GR,1702960575
243,prince rupert,54.3161,-130.3201,6.83,92,100,7.2,CA,1702960575
244,bossangoa,6.4926,17.4552,21.2,34,100,0.82,CF,1702960575
245,udachny,66.4167,112.4,-28.26,95,82,1.45,RU,1702960575
246,chernyshevskiy,63.0128,112.4714,-34.49,99,86,1.18,RU,1702960575
247,nemuro,43.3236,145.575,-3.49,55,30,6.11,JP,1702960575
248,gilmer,32.7287,-94.9424,7.1,53,0,0.0,US,1702960575
249,boden,65.8252,21.6886,1.0,99,100,3.21,SE,1702960575
250,antonio enes,-16.2325,39.9086,28.97,68,94,1.49,MZ,1702960576
251,vila franca do campo,37.7167,-25.4333,17.23,93,100,1.46,PT,1702960576
252,bima,-8.4667,118.7167,33.95,44,65,2.41,ID,1702960576
253,pangoa,-12.1167,-73.0,21.09,99,100,0.89,PE,1702960576
254,klaksvik,62.2266,-6.589,2.51,64,100,7.64,FO,1702960576
255,georgetown,5.4112,100.3354,32.75,66,20,3.09,MY,1702960564
256,charters towers,-20.1,146.2667,33.77,32,1,7.0,AU,1702960576
257,ketchikan,55.3422,-131.6461,5.99,93,100,1.54,US,1702960576
258,fort bragg,35.139,-79.006,6.91,49,20,6.17,US,1702960576
259,northam,51.0333,-4.2167,12.99,98,100,8.6,GB,1702960577
260,puerto san jose,13.9256,-90.8244,22.03,57,11,2.96,GT,1702960577
261,tazovsky,67.4667,78.7,-14.07,89,100,9.26,RU,1702960577
262,merritt,50.1123,-120.7942,2.4,88,100,2.68,CA,1702960577
263,owen sound,44.5672,-80.9435,-2.84,96,100,8.49,CA,1702960504
264,nyala,12.05,24.8833,20.07,33,99,6.48,SD,1702960577
265,portland,45.5234,-122.6762,8.45,74,100,6.17,US,1702960577
266,sisimiut,66.9395,-53.6735,-9.63,73,100,13.24,GL,1702960577
267,praia da vitoria,38.7333,-27.0667,14.31,94,75,12.93,PT,1702960577
268,sosnogorsk,63.6023,53.8817,-8.59,96,100,1.79,RU,1702960578
269,bom jesus,-9.0744,-44.3586,22.86,64,68,0.69,BR,1702960578
270,nizhniy kuranakh,58.8353,125.4869,-28.53,94,100,2.41,RU,1702960578
271,freeport,40.6576,-73.5832,6.67,67,0,6.17,US,1702960578
272,xilin hot,43.9667,116.0333,-22.38,79,49,3.94,CN,1702960578
273,pisco,-13.7,-76.2167,20.03,94,73,6.17,PE,1702960578
274,vadso,70.0744,29.7487,-2.91,80,20,4.12,NO,1702960578
275,carnarvon,-24.8667,113.6333,25.7,67,14,5.96,AU,1702960578
276,vorkuta,67.5,64.0,-14.97,84,100,5.19,RU,1702960579
277,cascais,38.6979,-9.4215,9.17,79,0,3.13,PT,1702960579
278,sosnovo-ozerskoye,52.5249,111.5418,-24.99,89,84,2.27,RU,1702960579
279,sydney,-33.8679,151.2073,35.43,50,100,7.72,AU,1702960418
280,bontang,0.1333,117.5,26.12,87,100,2.87,ID,1702960579
281,buedu,8.2803,-10.3719,16.78,41,10,1.75,SL,1702960579
282,illizi,26.4833,8.4667,6.89,91,15,2.7,DZ,1702960579
283,chibougamau,49.9168,-74.3659,-6.21,86,100,5.66,CA,1702960579
284,hailin,44.5833,129.4167,-16.61,76,100,0.86,CN,1702960579
285,pir mahal,30.7667,72.4333,19.24,25,0,2.22,PK,1702960579
286,weining,26.85,104.2333,4.22,51,92,1.79,CN,1702960580
287,akureyri,65.6835,-18.0878,-0.04,80,100,3.09,IS,1702960580
288,mohr,54.3528,9.7167,9.08,97,75,9.26,DE,1702960580
289,walvis bay,-22.9575,14.5053,16.72,88,95,5.14,NA,1702960580
290,pandan,14.0453,124.1694,28.04,81,99,5.86,PH,1702960580
291,yeonggwang,35.275,126.5094,3.81,52,94,3.18,KR,1702960580
292,menongue,-14.6585,17.691,17.87,96,100,2.59,AO,1702960580
293,isola di capo rizzuto,38.96,17.0933,8.99,69,4,3.78,IT,1702960580
294,sao jose da coroa grande,-8.8978,-35.1478,25.16,86,98,3.57,BR,1702960580
295,karad,17.2833,74.2,23.0,45,100,4.88,IN,1702960580
296,yuzhno-kurilsk,44.0306,145.8556,-2.57,76,100,5.11,RU,1702960581
297,skeldon,5.8833,-57.1333,24.61,93,26,2.17,GY,1702960581
298,kone,-21.0595,164.8658,29.08,62,87,3.43,NC,1702960581
299,east london,-33.0153,27.9116,18.52,88,75,3.09,ZA,1702960581
300,revda,56.801,59.9303,-10.6,96,60,2.45,RU,1702960581
301,huinca renanco,-34.8404,-64.3758,15.42,65,97,3.24,AR,1702960581
302,abaetetuba,-1.7181,-48.8825,24.61,92,30,2.03,BR,1702960581
303,kazanskoye,55.6448,69.235,-6.73,97,100,2.6,RU,1702960581
304,nazret,8.55,39.2667,16.77,58,85,3.14,ET,1702960581
305,changli,39.7042,119.1506,-7.84,44,2,6.76,CN,1702960582
306,saint croix,17.7397,-64.7388,25.25,79,20,2.57,VI,1702960582
307,buraydah,26.326,43.975,8.25,38,43,2.72,SA,1702960582
308,ceres,37.5949,-120.9577,15.44,88,100,3.6,US,1702960386
309,cabedelo,-6.9811,-34.8339,26.37,81,100,3.84,BR,1702960582
310,tukrah,32.5341,20.5791,13.15,73,31,2.49,LY,1702960582
311,bikenibeu village,1.3673,173.1241,25.98,94,100,4.63,KI,1702960582
312,rio grande,-32.035,-52.0986,20.53,93,100,8.55,BR,1702960582
313,timbuktu,16.7735,-3.0074,12.45,24,100,5.85,ML,1702960582
314,krupki,54.3178,29.1358,2.57,99,100,5.55,BY,1702960583
315,butembo,0.15,29.2833,16.57,89,59,1.25,CD,1702960583
316,zhezqazghan,47.7833,67.7667,-8.68,79,100,8.0,KZ,1702960583
317,labrador city,52.9463,-66.9114,5.95,93,100,7.2,CA,1702960583
318,antsiranana,-12.2787,49.2917,27.42,78,75,2.06,MG,1702960583
319,obidos,-1.9175,-55.5181,26.18,70,72,0.78,BR,1702960583
320,ivanteyevka,55.9711,37.9208,1.81,100,100,1.79,RU,1702960583
321,hermiston,45.8404,-119.2895,3.69,95,100,0.0,US,1702960419
322,vila do maio,15.1333,-23.2167,23.44,67,36,7.46,CV,1702960583
323,pocatello,42.8713,-112.4455,3.27,67,0,5.81,US,1702960583
324,phan rang-thap cham,11.5667,108.9833,31.33,51,90,7.72,VN,1702960583
325,mejit,10.2753,170.8646,27.1,77,11,9.73,MH,1702960583
326,verkhnevilyuysk,63.4453,120.3167,-25.33,97,100,3.09,RU,1702960584
327,naantali,60.4674,22.0243,5.23,95,100,5.66,FI,1702960584
328,saipan,15.1355,145.701,29.39,70,100,5.14,MP,1702960584
329,sandnessjoen,66.0217,12.6316,2.29,93,75,9.77,NO,1702960584
330,floro,61.5996,5.0328,5.98,70,75,8.23,NO,1702960584
331,wewak,-3.5534,143.6268,27.98,85,97,5.77,PG,1702960584
332,rongelap,11.1635,166.8941,27.1,77,20,9.42,MH,1702960584
333,zuwarah,32.9312,12.082,14.7,76,18,3.53,LY,1702960584
334,korablino,53.9164,40.0133,0.79,100,100,4.22,RU,1702960584
335,maqat,47.65,53.3167,0.68,92,100,5.25,KZ,1702960585
336,huarmey,-10.0681,-78.1522,21.14,89,99,4.05,PE,1702960585
337,santa elena de uairen,4.6167,-61.1333,21.59,80,98,1.45,VE,1702960585
338,surab,28.4914,66.2585,11.78,13,0,0.94,PK,1702960585
339,alice springs,-23.7,133.8833,33.75,21,34,6.17,AU,1702960527
340,saacow,1.6279,42.4407,26.92,66,58,7.37,SO,1702960585
341,khilok,51.3674,110.4676,-21.84,80,100,2.79,RU,1702960327
342,dudinka,69.4058,86.1778,-13.54,83,100,13.41,RU,1702960585
343,bengkulu,-3.8004,102.2655,26.97,81,97,2.94,ID,1702960585
344,dakoro,14.5106,6.765,17.51,25,100,3.92,NE,1702960585
345,cadale,2.7603,46.3222,26.91,77,91,9.58,SO,1702960585
346,howard springs,-12.497,131.047,35.55,74,88,4.68,AU,1702960586
347,besisahar,28.2313,84.3761,18.8,30,47,2.65,NP,1702960586
348,okha,53.5739,142.9478,-19.99,91,79,8.31,RU,1702960586
349,east ballina,-28.8667,153.5833,30.44,67,70,8.85,AU,1702960586
350,cornwall,45.0181,-74.7281,5.06,87,100,6.69,CA,1702960489
351,qarauyl,48.9451,79.255,-7.48,50,100,6.06,KZ,1702960586
352,essaouira,31.5125,-9.77,6.72,100,40,0.51,MA,1702960586
353,kapuskasing,49.4169,-82.4331,-13.95,78,100,7.72,CA,1702960586
354,kamloops,50.6665,-120.3192,4.21,87,75,5.14,CA,1702960401
355,turgen,43.4006,77.5933,-2.93,82,100,2.04,KZ,1702960586
356,bafra,41.5678,35.9069,8.49,59,100,2.36,TR,1702960586
357,fedorovka,53.6314,62.7078,-12.88,93,11,3.61,KZ,1702960587
358,kattivakkam,13.2167,80.3167,28.05,65,39,6.65,IN,1702960587
359,jidong,45.2167,131.0833,-18.55,80,81,1.08,CN,1702960587
360,chokwe,-24.5333,32.9833,25.87,82,17,3.19,MZ,1702960587
361,pachino,36.7186,15.0907,14.53,67,83,6.7,IT,1702960587
362,zaozersk,69.4005,32.4476,-12.51,89,12,4.07,RU,1702960587
363,anqing,30.5092,117.0506,2.99,73,59,2.56,CN,1702960587
364,ocean city,39.2776,-74.5746,6.66,68,20,2.68,US,1702960292
365,port hueneme,34.1478,-119.1951,17.53,78,100,4.63,US,1702960380
366,selfoss,63.9331,-20.9971,0.58,88,100,8.75,IS,1702960587
367,sinop,41.7711,34.8709,4.76,72,97,2.47,TR,1702960588
368,constitucion,-35.3333,-72.4167,11.3,82,49,4.49,CL,1702960588
369,kilju,40.9642,129.3278,-4.29,72,88,1.5,KP,1702960588
370,utrik,11.2278,169.8474,26.81,78,30,10.37,MH,1702960588
371,lospalos,-8.5186,127.0025,28.58,65,79,1.93,TL,1702960588
372,roma,43.2128,-75.4557,3.31,80,75,1.54,US,1702960496
373,shahpur,16.7,76.8333,24.13,41,90,4.1,IN,1702960588
374,kupang,-10.1667,123.5833,34.32,52,75,4.12,ID,1702960588
375,novokayakent,42.3937,47.9861,7.42,48,36,2.0,RU,1702960588
376,novi grad,45.0458,16.3803,4.07,82,0,0.62,BA,1702960588
377,indramayu,-6.3264,108.32,30.31,61,98,2.64,ID,1702960588
378,helena valley west central,46.6629,-112.0604,4.93,67,75,0.0,US,1702960589
379,pagar alam,-4.0167,103.2667,25.08,88,99,0.36,ID,1702960589
380,chui,-33.6971,-53.4616,15.83,89,100,7.1,UY,1702960589
381,kralendijk,12.15,-68.2667,26.99,89,20,4.63,BQ,1702960303
382,salina cruz,16.1667,-95.2,21.98,58,50,12.21,MX,1702960589
383,nantucket,41.2835,-70.0995,10.06,76,100,9.26,US,1702960589
384,kitangari,-10.65,39.3333,26.03,73,97,2.21,TZ,1702960589
385,ar rutbah,33.0381,40.2848,4.98,44,0,3.38,IQ,1702960589
386,la ronge,55.1001,-105.2842,-1.86,59,0,5.66,CA,1702960589
387,saint-paul,-21.0096,55.2707,30.06,91,0,2.22,RE,1702960589
388,nanpara,27.8667,81.5,18.63,32,39,2.4,IN,1702960589
389,laukaa,58.7372,29.8453,2.47,98,100,4.81,RU,1702960290
390,vorgashor,67.5833,63.95,-15.19,86,100,5.12,RU,1702960590
391,mata-utu,-13.2816,-176.1745,28.82,75,80,3.69,WF,1702960590
392,zaragoza,41.6561,-0.8773,9.16,100,100,1.54,ES,1702960294
393,as sulayyil,20.4607,45.5779,6.14,29,91,2.2,SA,1702960590
394,suva,-18.1416,178.4415,28.71,74,75,7.2,FJ,1702960590
395,ciudad lazaro cardenas,17.9583,-102.2,24.52,86,8,1.68,MX,1702960590
396,youghal,51.95,-7.8506,8.56,100,100,4.55,IE,1702960590
397,khoyniki,51.8911,29.9552,3.39,100,100,3.87,BY,1702960590
398,parintins,-2.6283,-56.7358,25.36,82,82,0.17,BR,1702960591
399,el calafate,-50.3408,-72.2768,11.97,74,94,3.09,AR,1702960591
400,atafu village,-8.5421,-172.5159,29.49,74,79,2.36,TK,1702960591
401,martapura,-3.4167,114.85,32.05,66,40,1.54,ID,1702960591
402,alofi,-19.0595,-169.9187,27.94,78,75,8.23,NU,1702960591
403,port-vila,-17.7338,168.3219,27.78,100,75,1.54,VU,1702960591
404,castillos,-34.1667,-53.8333,14.63,95,100,6.45,UY,1702960591
405,kapa'a,22.0752,-159.319,23.99,80,40,9.26,US,1702960591
406,richards bay,-28.783,32.0377,21.5,92,100,5.96,ZA,1702960591
407,keflavik,64.0049,-22.5624,2.24,64,75,7.2,IS,1702960591
408,chamical,-30.36,-66.314,19.88,54,86,2.04,AR,1702960591
409,nova vicosa,-17.8919,-39.3719,24.18,91,87,4.59,BR,1702960591
410,valencia,39.3333,-0.8333,4.12,41,1,3.15,ES,1702960592
411,homer,59.6425,-151.5483,-2.06,86,100,2.06,US,1702960458
412,williams lake,52.1415,-122.1445,2.76,99,100,2.57,CA,1702960592
413,oranjemund,-28.55,16.4333,15.55,88,10,4.77,NA,1702960592
414,talas,38.6908,35.5538,-7.63,93,6,0.0,TR,1702960592
415,pacific grove,36.6177,-121.9166,16.21,90,0,8.05,US,1702960592
416,dubbo,-32.25,148.6167,30.07,39,94,7.2,AU,1702960592
417,kill devil hills,36.0307,-75.676,10.01,56,100,3.6,US,1702960592
418,ta`u,-14.2336,-169.5144,27.94,80,84,3.88,AS,1702960592
419,motygino,58.1831,94.7592,-29.08,95,21,1.19,RU,1702960593
420,kingston,17.997,-76.7936,26.53,78,20,8.23,JM,1702960321
421,san patricio,28.017,-97.5169,15.92,61,99,2.75,US,1702960593
422,sinabang,2.4803,96.3801,29.04,73,95,2.16,ID,1702960593
423,dzhambeyty,50.2536,52.595,-2.61,97,100,3.89,KZ,1702960593
424,nouadhibou,20.931,-17.0347,16.99,31,1,8.75,MR,1702960593
425,macapa,0.0389,-51.0664,26.99,83,0,1.54,BR,1702960593
426,harrisburg,40.2737,-76.8844,3.56,68,0,6.17,US,1702960400
427,cockburn town,21.4612,-71.1419,25.62,78,100,4.02,TC,1702960593
428,linden,6.0,-58.3,23.01,98,74,1.2,GY,1702960535
429,labasa,-16.4167,179.3833,27.47,84,71,4.71,FJ,1702960594
430,jiangzi,28.95,89.6333,-1.9,27,24,1.31,CN,1702960594
431,lerwick,60.1545,-1.1494,7.0,68,73,10.49,GB,1702960594
432,norfolk,42.1668,-71.2495,8.06,83,77,1.34,US,1702960594
433,thunder bay,48.4001,-89.3168,-11.01,72,75,1.54,CA,1702960436
434,yamada,39.4667,141.95,3.45,52,100,1.02,JP,1702960594
435,amga,60.8953,131.9608,-35.58,96,100,0.8,RU,1702960594
436,holualoa,19.6228,-155.9522,20.91,89,0,3.6,US,1702960594
437,wafangdian,39.6183,122.0081,-9.54,86,82,8.08,CN,1702960594
438,smirnovo,54.5125,69.4222,-9.99,96,100,3.05,KZ,1702960594
439,iquitos,-3.7481,-73.2472,25.02,88,20,1.03,PE,1702960595
440,arraial do cabo,-22.9661,-42.0278,23.12,90,0,3.57,BR,1702960595
441,hun,29.1268,15.9477,10.14,90,0,4.04,LY,1702960595
442,ar ruways,24.1103,52.7306,22.36,54,19,2.23,AE,1702960595
443,masuda,34.6667,131.85,8.15,61,75,2.57,JP,1702960595
444,jeddah,21.5169,39.2192,22.92,68,0,0.0,SA,1702960595
445,fortuna,40.5982,-124.1573,14.64,94,100,3.13,US,1702960595
446,arinos,-15.9169,-46.1056,25.26,48,52,1.52,BR,1702960595
447,richfield,44.8833,-93.283,-7.87,72,0,2.57,US,1702960523
448,pingnan,23.5543,110.3976,7.07,82,100,2.46,CN,1702960595
449,pula,44.8683,13.8481,1.31,86,0,0.51,HR,1702960596
450,clarkston heights-vineland,46.3874,-117.083,6.78,81,100,3.09,US,1702960596
451,egersund,58.4513,5.9997,6.16,80,19,7.01,NO,1702960596
452,vernon,50.2581,-119.2691,2.34,87,100,2.57,CA,1702960596
453,mesquite,32.7668,-96.5992,9.97,59,0,1.54,US,1702960596
454,lampasas,31.2168,-98.2336,8.65,70,0,0.0,US,1702960596
455,road town,18.4167,-64.6167,24.05,67,92,7.61,VG,1702960541
456,port saint john's,-31.6229,29.5448,20.7,83,100,2.83,ZA,1702960596
457,xichang,27.8964,102.2634,11.48,54,83,1.18,CN,1702960596
458,nova xavantina,-14.6667,-52.35,25.34,42,7,0.78,BR,1702960596
459,cambria,35.5641,-121.0808,16.24,100,95,1.34,US,1702960596
460,lorengau,-2.0226,147.2712,28.79,76,79,3.72,PG,1702960596
461,camarinas,43.1311,-9.1817,6.63,78,75,1.45,ES,1702960597
462,jurbarkas,55.0778,22.7664,6.98,92,100,7.86,LT,1702960597
463,novyy urengoy,66.0833,76.6333,-13.81,92,100,9.43,RU,1702960597
464,zheshart,62.0731,49.5733,-4.06,95,99,2.73,RU,1702960597
465,anatuya,-28.4606,-62.8347,15.4,91,100,8.17,AR,1702960597
466,tralee,52.2704,-9.7026,8.64,83,100,4.73,IE,1702960328
467,andergrove,-21.0833,149.1833,32.03,68,8,5.0,AU,1702960597
468,douz,33.4663,9.0203,11.15,92,97,3.68,TN,1702960597
469,papao,-17.75,-149.55,26.82,77,99,1.03,PF,1702960597
470,sao sepe,-30.1606,-53.5653,22.35,97,100,2.29,BR,1702960596
471,boa vista,2.8197,-60.6733,28.99,61,0,2.06,BR,1702960598
472,valdivia,-39.8142,-73.2459,13.05,74,0,1.59,CL,1702960326
473,katsina-ala,7.1667,9.2833,21.78,29,10,1.45,NG,1702960598
474,kinarut,5.8231,116.0466,32.01,70,20,2.06,MY,1702960598
475,lazaro cardenas,17.9583,-102.2,24.52,86,8,1.68,MX,1702960598
476,troitsko-pechorsk,62.7084,56.1964,-10.17,94,100,3.58,RU,1702960598
477,sanctuary point,-35.1114,150.629,28.32,65,100,6.2,AU,1702960598
478,ushtobe,45.2514,77.9838,-2.29,82,100,3.44,KZ,1702960598
479,santa terezinha,-29.9002,-50.0904,22.72,94,98,2.14,BR,1702960598
480,howrah,22.5892,88.3103,19.0,55,20,3.09,IN,1702960598
481,moshi,-3.35,37.3333,23.02,78,65,1.18,TZ,1702960599
482,itambe,-15.245,-40.6244,18.41,98,21,0.03,BR,1702960599
483,nyurba,63.2842,118.3319,-26.11,96,100,2.59,RU,1702960399
484,round rock,30.5083,-97.6789,11.96,62,0,2.57,US,1702960501
485,rovaniemi,66.5,25.7167,-4.33,100,100,4.63,FI,1702960599
486,slave lake,55.2834,-114.769,-3.01,74,100,2.06,CA,1702960599
487,palopo,-2.9996,120.1921,29.37,75,100,2.14,ID,1702960599
488,touros,-5.1989,-35.4608,26.11,80,100,3.58,BR,1702960423
489,malango,-2.9627,119.9001,27.25,68,100,1.15,ID,1702960599
490,el kala,36.8956,8.4433,9.23,88,88,1.11,DZ,1702960599
491,mil'kovo,55.6078,37.7956,2.08,100,100,4.17,RU,1702960599
492,bahia de kino,28.8333,-111.9333,16.07,37,92,3.24,MX,1702960600
493,katabu,-4.9333,122.5167,31.28,60,82,3.76,ID,1702960600
494,zhangatas,43.5667,69.75,-1.46,88,82,9.9,KZ,1702960600
495,villa yapacani,-17.4,-63.8333,24.77,80,100,1.37,BO,1702960600
496,struer,56.4912,8.5838,8.26,83,100,5.79,DK,1702960600
497,ranot,7.7777,100.3213,28.54,70,31,4.94,TH,1702960600
498,murghob,38.1702,73.9667,-15.52,56,38,1.06,TJ,1702960600
499,khanty-mansiysk,61.0042,69.0019,-11.94,72,40,5.0,RU,1702960600
500,zhangzhou,24.5133,117.6556,18.96,55,6,1.71,CN,1702960600
501,akjoujt,19.6969,-14.4164,12.3,26,55,5.39,MR,1702960600
502,queenstown,-31.8976,26.8753,15.32,68,54,1.73,ZA,1702960600
503,bourbon-lancy,46.6221,3.7695,-2.17,87,35,0.49,FR,1702960601
504,north platte,41.1239,-100.7654,2.36,72,0,7.6,US,1702960412
505,corning,42.1428,-77.0547,4.02,76,100,5.66,US,1702960405
506,arvayheer,46.2639,102.775,-21.72,60,2,0.47,MN,1702960601
507,dalandzadgad,43.5708,104.425,-18.07,52,0,1.81,MN,1702960601
508,bowen,-20.0167,148.2333,27.88,65,3,7.34,AU,1702960524
509,along,28.1667,94.7667,22.41,35,11,0.64,IN,1702960601
510,ulladulla,-35.35,150.4667,37.65,54,99,2.33,AU,1702960601
511,monroe,43.1501,-77.6831,2.7,90,100,6.69,US,1702960409
512,elverum,60.8819,11.5623,-1.8,78,28,2.74,NO,1702960601
513,lagodekhi,41.8268,46.2767,-1.5,60,0,1.7,GE,1702960601
514,puerto baquerizo moreno,-0.9,-89.6,24.1,89,86,5.07,EC,1702960348
515,gijang,35.2442,129.2139,2.85,29,100,1.98,KR,1702960601
516,amungan,15.3652,119.9582,31.53,58,57,0.35,PH,1702960601
517,chos malal,-37.3781,-70.2709,12.99,51,22,3.61,AR,1702960602
518,wuhai,39.6647,106.8122,-13.02,56,2,3.71,CN,1702960602
519,adigrat,14.277,39.462,13.41,58,23,0.7,ET,1702960488
520,san rafael,-34.6177,-68.3301,14.19,44,83,2.35,AR,1702960602
521,al hufuf,25.3646,49.5653,18.19,72,75,2.06,SA,1702960602
522,prince george,53.9166,-122.753,0.9,98,100,4.63,CA,1702960569
523,olyokminsk,60.3736,120.4264,-26.02,89,100,3.72,RU,1702960522
524,imperatriz,-5.5264,-47.4917,25.03,100,0,1.54,BR,1702960602
525,comodoro rivadavia,-45.8667,-67.5,16.92,39,0,4.12,AR,1702960602
526,ishigaki,24.3448,124.1572,25.07,78,75,3.6,JP,1702960602
527,canmore,51.0834,-115.3521,1.06,80,100,2.57,CA,1702960602
528,mahina,-17.5065,-149.489,26.87,83,75,2.06,PF,1702960602
529,bandipura,34.4167,74.65,6.65,22,9,1.07,IN,1702960603
530,bhanpura,24.513,75.7469,17.93,38,100,3.21,IN,1702960603
531,pangai,-19.8,-174.35,28.06,74,20,7.72,TO,1702960603
532,tindouf,27.6711,-8.1474,5.25,45,0,1.03,DZ,1702960603
533,usinsk,65.9939,57.5281,-11.07,93,100,8.49,RU,1702960603
534,mili,6.0815,171.735,26.81,88,85,8.28,MH,1702960603
535,katsuura,35.1333,140.3,10.01,75,94,3.53,JP,1702960603
536,deshnoke,27.8,73.35,18.01,26,17,0.84,IN,1702960603
537,cam ranh,11.9214,109.1591,28.98,65,75,8.75,VN,1702960603
538,borgarnes,64.5383,-21.9206,1.03,92,100,8.58,IS,1702960603
539,korla,41.7597,86.1469,-5.07,54,3,0.94,CN,1702960603
540,dunedin,-45.8742,170.5036,16.84,77,94,4.82,NZ,1702960603
541,kuching,1.55,110.3333,32.34,77,40,1.54,MY,1702960604
542,solvang,34.5958,-120.1377,17.04,68,100,3.6,US,1702960604
543,vila velha,-20.3297,-40.2925,21.97,94,75,4.63,BR,1702960604
544,namibe,-15.1961,12.1522,22.8,81,95,1.8,AO,1702960604
545,kulachi,31.9286,70.4592,19.1,17,0,1.23,PK,1702960604
546,tadine,-21.55,167.8833,24.66,85,72,10.47,NC,1702960604
547,onega,63.9061,38.1404,-1.2,96,98,3.24,RU,1702960604
